{"pID": {"Min": 0.0, "Max": 1010.0}, "Cluster": {"Min": 1.0, "Max": 3.0}, "Eating": {"Min": 3.77, "Max": 65.0}, "Recreating": {"Min": 0.0, "Max": 745.0}, "WorkPlace": {"Min": 242.5, "Max": 517.5}, "TravelMinutes": {"Min": 14.477777777777778, "Max": 392.9222222222222}, "NumActivities": {"Min": 1.98, "Max": 8.5}, "Home": {"Min": 571.25, "Max": 1100.0}, "Leave Home": {"Min": 290.0, "Max": 535.0}, "Come Back": {"Min": 905.0931677018633, "Max": 1195.0}, "joviality": {"Min": 0.000204, "Max": 0.999233967}, "Average Expenses": {"Min": 518.3811829582, "Max": 2666.1894695632}, "Average Income": {"Min": 1848.3770040594, "Max": 17368.9764256826}}